File;Chapter;Paragraph;LLM response
27007-j00;5.7	Multiplexing mode +CMUX;1-255, where 10 is default (100 ms) ;POSSIBLE
27007-j00;5.7	Multiplexing mode +CMUX;2-255, where 30 is default (300 ms);POSSIBLE
27007-j00;6.8	Radio link protocol +CRLP;"<iws>, <mws>, <T1>, <N2>, <T4>: IWF to MS window size, MS to IWF window size, acknowledgement timer T1, retransmission attempts N2, re-sequencing period T4 in integer format (default values and value ranges depend on RLP version; refer 3GPP TS 24.022 [18]): T1 and T4 are in units of 10 ms.";POSSIBLE
27007-j00;8.84	Application level measurement configuration for NR +CAPPLEVMCNR;1	240 ms;POSSIBLE
27007-j00;8.84	Application level measurement configuration for NR +CAPPLEVMCNR;3	640 ms;POSSIBLE
27007-j00;8.84	Application level measurement configuration for NR +CAPPLEVMCNR;4	1024 ms;POSSIBLE
27007-j00;8.85	Application level measurement report for NR +CAPPLEVMRNR;<application_layer_buffer-level>: integer type. Indicates the application layer buffer level in ms in steps of 10 ms.;POSSIBLE
27007-j00;9.2.2.1.1	Errors for CS, GPRS and UMTS;"102	IMSI unknown in HLR (#2) NOTE 2
103	Illegal MS (#3)
104	IMSI unknown in VLR (#4) NOTE 2
105	IMEI not accepted (#5) NOTE 2
106	Illegal ME (#6)
107	GPRS services not allowed (#7)
108	GPRS services and non-GPRS services not allowed (#8)
109	MS identity cannot be derived by the network (#9) NOTE 2
110	Implicitly detached (#10) NOTE 2
111	PLMN not allowed (#11)
112	Location area not allowed (#12)
113	Roaming not allowed in this location area (#13)
114	GPRS services not allowed in this PLMN (#14)
115	No Suitable Cells In Location Area (#15)
116	MSC temporarily not reachable (#16) NOTE 2
117	Network failure (#17) NOTE 2
122	Congestion (#22)
125	Not authorized for this CSG (#25)
132	Service option not supported (#32) NOTE 2
133	Requested service option not subscribed (#33) NOTE 2
134	Service option temporarily out of order (#34) NOTE 2
138	Call cannot be identified (#38) NOTE 2
148	Unspecified GPRS error NOTE 2
150	Invalid mobile class
172	Semantically incorrect message (#95) 
173	Invalid mandatory information (#96)
174	Message type non-existent or not implemented (#97)
175	Conditional IE error (#100)
176	Protocol error, unspecified (#111)
183	SMS provided via GPRS in this routing area (#28) NOTE 2
185	No PDP context activated (#40) NOTE 2
186	Message not compatible with protocol state (#101) NOTE 2
187	Recovery on timer expiry (#102) NOTE 2
208	Message type not compatible with protocol state (#98) NOTE 2
209	Information element non-existent or not implemented (#99) NOTE 2";POSSIBLE
27007-j00;10.1.4	Quality of service profile (requested) +CGQREQ;"<peak>: integer type; specifies the peak throughput class";POSSIBLE
27007-j00;10.1.4	Quality of service profile (requested) +CGQREQ;"<mean>: integer type; specifies the mean throughput class";POSSIBLE
27007-j00;10.1.5	Quality of service profile (minimum acceptable) +CGQMIN;"<peak>: integer type; specifies the peak throughput class";POSSIBLE
27007-j00;10.1.5	Quality of service profile (minimum acceptable) +CGQMIN;"<mean>: integer type; specifies the mean throughput class";POSSIBLE
27007-j00;C.2.11	DTMF and tone generation +VTS;2. [<tone1>,<tone2>,<duration>]. This is interpreted as a dual tone of frequencies <tone1> and <tone2>, lasting for a time <duration> (in 10 ms multiples). ;POSSIBLE
